Timestamp,Latitude,Longitude,Elevation,Speed
2022-07-28 23:18:17,36.12513070792998,138.28495674209051,1824.5536327296868,0.0
2022-07-28 23:18:40,36.124961632987926,138.28505367926647,1828.2472538221627,0.8996079587361716
2022-07-28 23:22:36,36.12483468276964,138.285213646827,1833.0018293894827,0.08535851813848369
2022-07-28 23:23:00,36.12471536090438,138.28538727658255,1833.8802098566666,0.8535159865789789
2022-07-28 23:23:17,36.124588174573155,138.28556379566265,1830.1575125567615,1.2501611042122576
2022-07-28 23:23:36,36.124450245050966,138.28571242176386,1832.7394513683394,1.0699254207918547
2022-07-28 23:23:57,36.124283815011175,138.28580892182242,1836.885040678084,0.9718335082901436
2022-07-28 23:24:21,36.12413651957205,138.28596338095858,1838.4189064474776,0.8941078660210792
2022-07-28 23:24:45,36.12399675907359,138.28611855247468,1841.2831676760688,0.8696544453645565
2022-07-28 23:25:04,36.1238769981153,138.2862860752231,1836.928639465943,1.0579124930690291
2022-07-28 23:25:30,36.12375264338765,138.28645108497153,1837.225574660115,0.7797922492218857
2022-07-28 23:25:50,36.123630626884776,138.28661461277952,1837.412985658273,1.0000269241426356
2022-07-28 23:26:07,36.12347047374188,138.28672472055396,1837.3291109101847,1.1969588347346183
2022-07-28 23:26:26,36.12333786590001,138.2868826910213,1841.5867242431268,1.0770173877964528
2022-07-28 23:27:05,36.12316958211542,138.2869866034026,1844.5608341097832,0.5355154320472981
2022-07-28 23:27:35,36.12302536115139,138.28713312802643,1850.1309051951393,0.6912847466646733
2022-07-28 23:27:59,36.122882347135366,138.28727708618266,1852.3595539424568,0.8536863493721295
2022-07-28 23:28:37,36.12275056502857,138.2874385649914,1850.5109705021605,0.5426068285920997
2022-07-28 23:29:03,36.1226106192563,138.2875790608078,1852.6224306588992,0.7702948562998563
2022-07-28 23:29:39,36.12246106210164,138.28773285879026,1851.9063893472776,0.6003431958911868
2022-07-28 23:30:10,36.12232486600041,138.2878971202806,1859.9679980082437,0.6820560759534926
2022-07-28 23:30:57,36.12218342115753,138.28805012338702,1863.2422480387613,0.4442953395569471
2022-07-28 23:31:38,36.12206121745958,138.28821576884962,1870.8435670509934,0.4915964440780958
2022-07-28 23:32:24,36.122014757205704,138.2884363747198,1872.0519758323207,0.4460467643767924
2022-07-28 23:32:50,36.12196467569206,138.2886595145715,1872.984127389267,0.8016370418789752
2022-07-28 23:33:24,36.12194529836067,138.28888586612993,1872.3926778053865,0.6026572242395626
2022-07-28 23:33:56,36.12193634102169,138.28911237711168,1875.8243520688266,0.6379933200298028
2022-07-28 23:34:33,36.12192138695729,138.2893379481907,1877.7113345321268,0.5506661384549517
2022-07-28 23:35:11,36.12185200472254,138.28954523148352,1882.395696646534,0.5312202438889173
2022-07-28 23:36:16,36.121785721280965,138.28975629426083,1887.3484734809026,0.3134568502032267
2022-07-28 23:36:40,36.1216339243636,138.2898828720417,1889.4158943044022,0.847336200466831
2022-07-28 23:37:20,36.12151286359138,138.29005257378518,1892.4614604720846,0.5085803844307146
2022-07-28 23:37:56,36.12139385836213,138.29024224217122,1892.346997976303,0.5995914385628816
2022-07-28 23:38:19,36.12134553345374,138.29045841199218,1894.6538255000487,0.8776518129285134
2022-07-28 23:38:38,36.12136666569757,138.29068112995267,1896.4390858188272,1.0624689590241398
2022-07-28 23:39:30,36.12136540694543,138.29090640665018,1895.1438642200083,0.39002097690316595
2022-07-28 23:39:48,36.12132638157193,138.29113091847577,1898.3732135351747,1.14835720362624
2022-07-28 23:40:05,36.12125434129465,138.2913454231338,1898.291167725809,1.229409911064226
2022-07-28 23:40:34,36.121124703458634,138.29150253086416,1902.7440898753703,0.6956346364274517
2022-07-28 23:54:36,36.1209382573844,138.29152462250062,1908.2039931565523,0.024683686061756478
2022-07-28 23:55:09,36.12075817279702,138.29147728560082,1913.725878561847,0.6191447380120306
2022-07-28 23:55:37,36.12057637661431,138.2914654138288,1914.0990462619811,0.7214508078581918
2022-07-28 23:56:04,36.1203949456597,138.29151119202547,1916.4103462491184,0.7610855510999728
2022-07-28 23:56:29,36.12022377182093,138.29158191887979,1920.7941352240741,0.8013005001621596
2022-07-28 23:56:59,36.120047841569935,138.2916620796395,1924.3806019444019,0.6937546666865734
2022-07-28 23:57:29,36.11987374808914,138.29172264736758,1929.3958940366283,0.6690813848567337
2022-07-28 23:58:05,36.1196958294399,138.2916860420498,1930.6132849017158,0.5559786569389076
2022-07-28 23:58:30,36.11951482717433,138.2917514258874,1934.0610870374367,0.8371621567240188
2022-07-28 23:59:16,36.11937099025033,138.29189824235553,1936.9819421796128,0.4504958163316629
2022-07-29 00:00:18,36.11919885135152,138.2919687104169,1942.9850738747045,0.3246248286595388
2022-07-29 00:00:54,36.11901921710905,138.29199590848654,1944.5936983060092,0.5578407536055573
2022-07-29 00:01:25,36.11883901510692,138.2919676169343,1953.4158640280366,0.6502258266201395
2022-07-29 00:02:06,36.11867981925966,138.29186091599001,1951.5133265145123,0.49042833886630716
2022-07-29 00:02:37,36.11852092515859,138.29175084314934,1954.6163175469264,0.6524244235112171
2022-07-29 00:03:07,36.11837261991524,138.29187775234308,1957.4259063862264,0.6677868850444622
2022-07-29 00:04:10,36.11819505161967,138.29195632887783,1960.4148922981694,0.33229595882962604
2022-07-29 00:04:49,36.118021237754974,138.29204036736613,1963.466086935252,0.5312184501974301
2022-07-29 00:05:33,36.11783764765162,138.29209453469744,1966.1433324385434,0.47606699625328497
2022-07-29 00:06:39,36.117665683917096,138.2921697013649,1969.1369990948588,0.3067540868432431
2022-07-29 00:07:17,36.117473682564636,138.29217589669852,1972.8509805807844,0.5608420239121301
2022-07-29 00:07:52,36.11729982062117,138.29224156079073,1972.0605980511755,0.5764967849590807
2022-07-29 00:08:50,36.11715380425691,138.29237456447086,1974.9406316308305,0.3473588723798002
2022-07-29 00:09:33,36.11698475096574,138.2924669586963,1980.4479830889031,0.47720875347284303
2022-07-29 00:09:56,36.11683257569425,138.29259295258726,1983.5516017191112,0.8844291990586639
2022-07-29 00:10:30,36.11666625484171,138.29268591417994,1981.571973072365,0.5960070685800393
2022-07-29 00:10:59,36.116505132245315,138.29278797053064,1988.9131383644417,0.6931452215540296
2022-07-29 00:11:30,36.116334839512206,138.29290924397952,1996.8070806171745,0.7039837585717605
2022-07-29 00:12:00,36.116180335230105,138.29302557869434,1993.559989172034,0.6696726233646098
2022-07-29 00:13:23,36.11604782149384,138.29317884767224,1995.9145256076008,0.24294865552138586
2022-07-29 00:13:56,36.11587952551858,138.29326291924667,1999.9830473214388,0.6106050635912549
2022-07-29 00:14:31,36.115768896464346,138.29344385825374,1998.227674066089,0.5827874291284848
2022-07-29 00:15:05,36.115590318361384,138.2935049308111,1999.3799357842654,0.6048224565236423
2022-07-29 00:15:37,36.11546500564612,138.29366461387298,2004.0721894381568,0.6250240918883432
2022-07-29 00:16:20,36.11530721572955,138.2937908077729,2008.2486927583814,0.48539134131590156
2022-07-29 00:18:09,36.115132028067485,138.2937133070091,2007.0656862668693,0.18948056150341736
2022-07-29 00:18:58,36.11506659533073,138.29393047367856,2017.3692382471636,0.42564481702114687
2022-07-29 00:21:02,36.114912119961815,138.29405355174282,2022.6316724773496,0.1646021212471922
2022-07-29 00:21:29,36.1148380915839,138.2942617189527,2026.0766234388575,0.7578865430894823
2022-07-29 00:22:27,36.11467613398365,138.29436153605823,2039.5205802321434,0.34642720981700786
2022-07-29 00:23:00,36.114500966182916,138.29445199494748,2038.6976605337113,0.6386102613667995
2022-07-29 00:24:01,36.114298323968114,138.29452540930754,2043.6016856683418,0.38420933773660465
2022-07-29 00:24:53,36.11418026362594,138.29469323019222,2050.757717720233,0.384571971629778
2022-07-29 00:33:06,36.11399643579418,138.294725420706,2061.0674105333164,0.04179028662472238
2022-07-29 00:33:58,36.11390414189173,138.2949261881439,2066.509572743438,0.39952603307002826
2022-07-29 00:34:33,36.1137048698974,138.29493568372516,2071.3647601213306,0.6322275261924741
2022-07-29 00:35:32,36.113617018129304,138.2951309099288,2074.305842941627,0.3406643504738626
2022-07-29 00:35:53,36.113437786065624,138.29508987468563,2079.0804006336257,0.9632405007732054
2022-07-29 00:36:56,36.1132820043286,138.2952216049229,2086.9312952710316,0.33275146305917713
2022-07-29 00:38:23,36.11315601438768,138.29539012048684,2093.814056186937,0.23713752113253375
2022-07-29 00:38:55,36.1130389127224,138.29556279012257,2093.9582676459104,0.6331681542906358
2022-07-29 00:40:28,36.11291628169514,138.29572929426303,2103.2250191047788,0.2176970663206611
2022-07-29 00:42:45,36.11282688342146,138.29592415830894,2110.745109464042,0.1471149180395731
2022-07-29 00:43:35,36.11272741512931,138.2961108026601,2116.4643443971872,0.40209984012942057
2022-07-29 00:44:29,36.112682074168646,138.296329593577,2127.024687432684,0.37650384253163244
2022-07-29 00:46:29,36.112508782576164,138.29639086417248,2129.074668314308,0.16670248785350777
2022-07-29 00:47:26,36.112353067315425,138.29650308346336,2141.16894353088,0.35115167973255723
2022-07-29 00:48:20,36.112230636414594,138.2967275676122,2150.503822941333,0.450979043961685
2022-07-29 00:49:50,36.11205564086151,138.2967820012937,2157.249870253727,0.2225182876451989
2022-07-29 00:51:00,36.11188529238479,138.29686467265788,2163.270157733932,0.29021166644268304
2022-07-29 00:51:51,36.111704901236585,138.2968851619738,2167.5573791339993,0.39414169856188447
2022-07-29 00:52:34,36.11152455076855,138.29688562756522,2168.8271119510755,0.46539360487131237
2022-07-29 00:53:49,36.11134743902586,138.2969429029919,2169.9200518885627,0.270904517555255
2022-07-29 00:56:56,36.11121711390797,138.29678054945813,2173.5052596805617,0.10995788893753891
2022-07-29 01:16:22,36.11111997634479,138.2969693906059,2185.2027399940416,0.017265220338028835
2022-07-29 01:17:06,36.1109705855428,138.2968298911012,2189.6471017487347,0.4726722763659577
2022-07-29 01:18:10,36.11079599712771,138.29675897110909,2198.027625360526,0.3187148595613255
2022-07-29 01:19:07,36.11061422447698,138.29674215543312,2202.5946620739996,0.354849667324064
2022-07-29 01:20:16,36.110434045706086,138.2967275293935,2204.2774011828005,0.29037898103788473
2022-07-29 01:22:01,36.11026419253014,138.29680341217778,2220.038387511857,0.19092645807189007
2022-07-29 01:22:41,36.11008198711267,138.29680548100808,2223.1880923938006,0.505464037277676
2022-07-29 01:24:48,36.1098980740055,138.29680432495144,2236.5221958030015,0.16068862416666418
2022-07-29 01:26:06,36.109725239501024,138.29673377743504,2241.2949047181755,0.259005939595816
2022-07-29 01:27:21,36.10954656007,138.29667266374628,2249.496574793011,0.2743450828706236
2022-07-29 01:28:15,36.10939198672145,138.29678823246763,2254.0157935153693,0.3715057715093173
2022-07-29 01:30:16,36.10922290844032,138.29686502960732,2265.127051769756,0.16524639357458334
2022-07-29 01:32:18,36.10911083241282,138.29704238057337,2272.628875333816,0.16590018834447187
2022-07-29 01:34:20,36.10894088654692,138.2971281141524,2282.4581483956426,0.1670180190094377
2022-07-29 01:36:16,36.10883358693338,138.29731440149692,2291.302067711018,0.1773215273945418
2022-07-29 01:37:43,36.10871101130179,138.2974832324927,2297.049567976035,0.23445903433659918
2022-07-29 01:39:30,36.108553829694976,138.29760294079117,2309.2962541803718,0.1916152330286716
2022-07-29 01:42:37,36.10840620567795,138.2977391193947,2317.203741152771,0.10941889635569287
2022-07-29 01:54:06,36.10823092768433,138.29779608782715,2321.885051499121,0.029193133322299645
2022-07-29 01:56:01,36.1080823966782,138.2979220440171,2330.6102512059733,0.1739673664476949
2022-07-29 01:58:56,36.10791541805566,138.2980068213062,2339.6572801675647,0.11450832910034843
2022-07-29 02:01:18,36.10774480027359,138.29809887089925,2345.88274790626,0.14554008135776328
2022-07-29 02:05:18,36.1075978759053,138.2982311122982,2346.441282899119,0.08411753698809175
2022-07-29 02:05:52,36.107415276685295,138.29825647299458,2350.5556486928836,0.5996959804410716
2022-07-29 02:06:19,36.107287504042624,138.2984267014369,2353.881151531823,0.7733069074260974
2022-07-29 02:28:43,36.107214207462846,138.29822214341385,2353.8190543521196,0.014980973270775643
2022-07-29 02:29:30,36.10709231118913,138.29805360690017,2356.956229559146,0.43251442900844383
2022-07-29 02:30:09,36.10696023661797,138.2978980419771,2361.0445921607316,0.5198100488740278
2022-07-29 02:30:43,36.106852516973795,138.29771700173492,2365.8727491386235,0.5945219233451006
2022-07-29 02:32:30,36.1067594013113,138.2975176862741,2375.20702206064,0.19353703376017592
2022-07-29 02:33:58,36.10662474929137,138.29734349966898,2383.735589453019,0.24615557459395107
2022-07-29 02:35:14,36.106503621319135,138.29717899749704,2395.43417712301,0.26317302963855643
2022-07-29 02:36:40,36.10637171596487,138.29702738863222,2405.523882364854,0.23272624963043861
2022-07-29 02:37:32,36.10628242481963,138.29683177101955,2414.2202991619706,0.38863979787226594
2022-07-29 02:38:46,36.106104595436,138.29678516556476,2421.85171629861,0.272613836690558
2022-07-29 02:43:06,36.1059400365115,138.29667475695024,2431.9729602253065,0.0799636725142478
2022-07-29 02:43:56,36.10577232755724,138.29659149427837,2443.7643391871825,0.4012524030743079
2022-07-29 02:45:12,36.10561181009272,138.29647965278792,2451.527713309042,0.2692242244647924
2022-07-29 02:47:12,36.10546730023658,138.2963462028747,2465.6995952557772,0.16698111242987307
2022-07-29 02:48:43,36.10535567379955,138.29616919525844,2475.8616177346557,0.22181740919510315
2022-07-29 02:51:37,36.10519952854948,138.2960540336251,2487.242622591555,0.1160463300585212
2022-07-29 02:52:51,36.10501357402719,138.29605539533856,2496.6408580262214,0.27883857852498595
2022-07-29 02:54:29,36.10483266804511,138.29607215694182,2503.7124590799212,0.20540978575689536
2022-07-29 02:55:06,36.104651977589,138.2960155126137,2507.6366797713563,0.5591400654139155
2022-07-29 02:55:51,36.104482091946466,138.29593301040882,2513.759135928005,0.4502596780030348
2022-07-29 02:56:28,36.1043142547414,138.29582825632104,2517.091386671178,0.5642134170275338
2022-07-29 02:57:27,36.10421506696492,138.2956349623823,2522.8915699897334,0.3490330936083302
2022-07-29 02:57:50,36.10409318414073,138.29546941095867,2525.8317437572405,0.8751189147682961
2022-07-29 02:58:33,36.10398163185669,138.29529422218874,2529.856650254689,0.46631285724801247
2022-07-29 02:59:12,36.10384541393257,138.29512730159695,2534.057752017863,0.546564399775532
2022-07-29 03:02:20,36.103738221647404,138.29494828117657,2532.917949810624,0.10655891967310051
2022-07-29 03:05:41,36.10383711004717,138.29475758335232,2529.92269932013,0.10138276839937456
2022-07-29 03:27:08,36.10365487730599,138.29477928711276,2529.669756639749,0.015784721369819846
2022-07-29 03:36:31,36.10373728662239,138.29499136152464,2530.1487009450793,0.037607090237449896
2022-07-29 03:38:17,36.10383127119696,138.29478474735131,2525.2459504213184,0.2012088004408265
2022-07-29 03:40:11,36.10375776658088,138.2949892848066,2531.776675307192,0.1766912810842923
2022-07-29 04:00:14,36.1035074855008,138.29495475145126,2525.519520183094,0.023229399445648384
2022-07-29 04:00:15,36.103688102305,138.2950642798122,2532.022553491406,22.336693245678436
2022-07-29 04:11:00,36.10385263664182,138.2951647844274,2529.9959602700546,0.03159201068416957
2022-07-29 04:11:54,36.10398650258632,138.29532651808134,2525.477240782231,0.3852248479017607
2022-07-29 04:12:20,36.104048252081284,138.29553773955791,2522.6184845408425,0.7775388010494629
2022-07-29 04:12:51,36.10418369427543,138.29568511502615,2519.4692653091624,0.6467471115944547
2022-07-29 04:13:44,36.10432061230363,138.2958372034546,2516.159122744575,0.385922035661858
2022-07-29 04:14:14,36.10448082249301,138.29594802868812,2513.8826281335205,0.6795498846016306
2022-07-29 04:15:14,36.10464794043065,138.29603756066274,2508.064665059559,0.3370037010196603
2022-07-29 04:16:10,36.10482219693633,138.29609859084277,2501.9648933382705,0.35895417463473883
2022-07-29 04:17:31,36.10500347491371,138.29607215076862,2496.69014974311,0.2500639433999564
2022-07-29 04:20:02,36.10518453572632,138.29604557232898,2487.214809139259,0.13399152136103532
2022-07-29 04:22:37,36.10532891891734,138.29617983829235,2475.073410312645,0.12948831605212482
2022-07-29 04:24:24,36.1054391749454,138.29635614589614,2463.6466460740194,0.18731285669617778
2022-07-29 04:25:43,36.10560927228396,138.29643508801053,2456.377712341957,0.25529508932879347
2022-07-29 04:26:54,36.10574042304024,138.29660138671971,2446.802623020485,0.2940936475086181
2022-07-29 04:28:18,36.10591982226963,138.2966701758374,2437.052661186084,0.2481869231501666
2022-07-29 04:28:51,36.10596616994556,138.29672878866367,2432.264610751532,0.22330275647066142
2022-07-29 04:30:30,36.10613371490529,138.2968189547554,2422.2539680302143,0.2049132522921007
2022-07-29 04:31:58,36.1063100182094,138.29687640818562,2415.7175462553278,0.2299459772212474
2022-07-29 04:33:15,36.10639623891782,138.29707736696864,2406.5464723352343,0.2658225350104598
2022-07-29 04:34:55,36.10651751984307,138.29724670300885,2392.4529380751774,0.20336829295219414
2022-07-29 04:36:39,36.10662836378674,138.29742283748615,2383.956963081844,0.19297936813516153
2022-07-29 04:37:27,36.10674286998879,138.29759693634165,2373.3091845382005,0.4203892853249837
2022-07-29 04:37:57,36.106873417293414,138.29775064432422,2366.6908721597865,0.6678193971005439
2022-07-29 04:38:33,36.10697789712966,138.2979328058903,2361.655385063961,0.5579343140951566
2022-07-29 04:39:09,36.107084518526925,138.2981410270799,2356.5180330984294,0.615813839806815
2022-07-29 04:39:21,36.10722122457991,138.29829643896485,2354.669418153353,1.7198162161924955
2022-07-29 04:49:19,36.10739216058317,138.2983741595196,2352.2051046509296,0.03380775812593776
2022-07-29 04:50:14,36.10752297671374,138.29821856443485,2355.1194317350164,0.36679475499984876
2022-07-29 04:50:34,36.10771876096394,138.298222617646,2345.3303012372926,1.0863740436158054
2022-07-29 04:51:12,36.10787882274998,138.29811552213417,2339.1884840363637,0.5318305180011182
2022-07-29 04:51:55,36.10804332212763,138.29801260858144,2333.3556591970846,0.47605667459008116
2022-07-29 04:53:06,36.1081924832049,138.29788587493942,2324.9810337210074,0.2831483908450583
2022-07-29 04:54:01,36.108357136401,138.29778690599838,2316.0600652536377,0.36959004333282336
2022-07-29 04:55:07,36.10851118076885,138.29764877223369,2308.0778123624623,0.3202892714599487
2022-07-29 04:55:52,36.10866758313707,138.29753682591553,2299.3935170695186,0.4459862323336207
2022-07-29 04:57:30,36.10883288241679,138.29742667398227,2297.5638225600123,0.21277124947848222
2022-07-29 04:59:02,36.10891189582105,138.29722508668226,2282.002004914917,0.21910207048416977
2022-07-29 05:00:15,36.10901933836754,138.2970448693374,2270.948922859505,0.27582850566660944
2022-07-29 05:02:12,36.10915931624324,138.29689973507416,2263.752824283205,0.17348806710166248
2022-07-29 05:03:42,36.10922828660489,138.2969146215905,2263.5131802838296,0.08632792789614879
2022-07-29 05:06:12,36.10932702775576,138.29672367541073,2255.3155264668167,0.13591330547468922
2022-07-29 05:06:59,36.109508129619876,138.29672931608786,2251.9944509891793,0.4276950300664131
2022-07-29 05:08:01,36.1096895192952,138.29672957787176,2240.9374878201634,0.3246322527771474
2022-07-29 05:08:34,36.10982603771001,138.29687518033808,2234.8764263018966,0.607072351163601
2022-07-29 05:09:19,36.11001173722972,138.29688177779454,2227.5283188503236,0.45808827595441237
2022-07-29 05:10:07,36.110156390207884,138.29674307336953,2218.5676877992228,0.4236893710950818
2022-07-29 05:10:29,36.11032131541507,138.2968389422443,2216.278230426833,0.9197205351782084
2022-07-29 05:11:09,36.11050704715706,138.29684092316003,2209.803210475482,0.5152440163584203
2022-07-29 05:12:09,36.11069082603171,138.29684231085224,2199.000337352045,0.33987800124805795
2022-07-29 05:12:31,36.110877705814055,138.29688735625038,2194.26345432736,0.9604220070930083
2022-07-29 05:13:13,36.11105911357127,138.29695681452182,2182.913440130651,0.5018644020260941
2022-07-29 05:14:35,36.111247154257576,138.29698491396155,2179.9533200021833,0.2563173213859683
2022-07-29 05:16:37,36.11142657469841,138.29696207265064,2171.927508712746,0.16405428090875343
2022-07-29 05:17:17,36.11161489494628,138.29692684866012,2165.855633270927,0.5283878338807619
2022-07-29 05:17:50,36.111789815032125,138.29702763662584,2162.3497619051486,0.6492700968595927
2022-07-29 05:18:09,36.111947047575896,138.29691793317147,2162.319237970747,1.0551912537268069
2022-07-29 05:18:50,36.11212844893858,138.29686597273658,2151.173663103953,0.5040246822870879
2022-07-29 05:19:25,36.11228741211666,138.29675312149345,2148.989127893001,0.5815977176256248
2022-07-29 05:20:20,36.11233133423591,138.29653690160828,2144.7245571501553,0.36487791885127857
2022-07-29 05:21:00,36.11248419700191,138.296419098914,2134.9177716076374,0.500124781863059
2022-07-29 05:22:57,36.112672654003646,138.2964239662631,2126.156640955247,0.17876910763888731
2022-07-29 05:24:06,36.11271602467862,138.29619814433522,2119.3104228414595,0.3028073905289002
2022-07-29 05:25:15,36.112839917854906,138.29603206115286,2109.2476444616914,0.2943815798027608
2022-07-29 05:25:59,36.1129829517063,138.2958930856966,2099.5576138449833,0.4593278236067842
2022-07-29 05:26:43,36.11306609543654,138.29569479598442,2095.173967283219,0.45672375574071394
2022-07-29 05:27:16,36.11317133881797,138.2955057422938,2089.12429784704,0.6255223355560781
2022-07-29 05:27:49,36.11329664521077,138.29534069956162,2083.257859182544,0.616673349779178
2022-07-29 05:28:27,36.11345311309625,138.2952160040861,2077.511977387592,0.544092457081588
2022-07-29 05:29:01,36.11360800005712,138.29507057944716,2073.13505228702,0.6354610864231025
2022-07-29 05:29:37,36.113781862010725,138.29499489112607,2065.0638012941927,0.5683361868634029
2022-07-29 05:30:10,36.11394390015346,138.2948824362234,2062.1501956805587,0.6252922970559813
2022-07-29 05:30:48,36.11403270540695,138.29468720152587,2054.992249184288,0.5302980471767635
2022-07-29 05:31:25,36.11420599339443,138.2946213999584,2047.129104791209,0.5437893800854599
2022-07-29 05:31:57,36.11439271479463,138.29461559261242,2045.4758068080992,0.64766912937544
2022-07-29 05:32:36,36.11454989678947,138.29450384153134,2034.1148282894865,0.5162841787975101
2022-07-29 05:32:56,36.11472715819473,138.29446045614205,2031.3369908565655,1.0026617627758203
2022-07-29 05:33:21,36.11480417003038,138.29425020452197,2029.6964666116983,0.8307592715121879
2022-07-29 05:33:48,36.11493800892556,138.29407774746716,2021.8642941480502,0.7957626635081171
2022-07-29 05:34:42,36.11510428486091,138.29398525349197,2015.0984467081726,0.374859558416837
2022-07-29 05:35:25,36.115123018291655,138.29376308126814,2010.298093029298,0.467684480434343
2022-07-29 05:36:15,36.115306298002736,138.29381122388878,2005.6285822140053,0.41587377791390523
2022-07-29 05:36:36,36.115491830105405,138.2937676857223,2003.9117316333577,0.9979385268708748
2022-07-29 05:36:53,36.11563921442447,138.2936355760492,1999.3881254447624,1.1895166995455058
2022-07-29 05:37:15,36.11576401968206,138.2934695033182,1995.7065927423537,0.9263576543568451
2022-07-29 05:37:34,36.11591226894189,138.29333638479164,1992.6216752640903,1.0712004633169445
2022-07-29 05:37:53,36.11606725151947,138.29320634064143,1992.1983847441152,1.094960987713544
2022-07-29 05:38:11,36.11622251825062,138.2930801325277,1990.7786803133786,1.1465653454285958
2022-07-29 05:38:29,36.11637521074147,138.29296088987877,1988.070351733826,1.1143218604466343
2022-07-29 05:38:47,36.11653289245323,138.29285117655448,1986.3279355801642,1.1162326054816432
2022-07-29 05:39:08,36.1166886585847,138.29272191450158,1985.0773521857336,0.9922250836409179
2022-07-29 05:39:31,36.11686602817749,138.29263530915344,1977.0565712489188,0.9204075434163843
2022-07-29 05:40:03,36.11701249851081,138.29250228455334,1979.594566743821,0.6308902944099648
2022-07-29 05:40:21,36.11718129170053,138.2924113241987,1977.7894206820056,1.1356409906514515
2022-07-29 05:41:21,36.11710533462186,138.2922069618388,1978.2867665188387,0.33728941089800746
2022-07-29 05:41:43,36.11710828467535,138.29197907856073,1969.042013052851,0.9326812443616564
2022-07-29 05:42:07,36.11706916122138,138.2917568481685,1964.3793947929516,0.853041891510716
2022-07-29 05:42:37,36.117090774432626,138.29153259897626,1961.3518730439246,0.6777048812585738
2022-07-29 05:43:01,36.11714036907662,138.29130266966592,1956.1562525825575,0.8924819483332853
2022-07-29 05:43:29,36.117055922675874,138.29108973097425,1952.7304430389777,0.76208456677432
2022-07-29 05:43:49,36.11696056864205,138.29090074753697,1953.4624951807782,1.0017899749270316
2022-07-29 05:44:13,36.1168405998809,138.29072713672315,1945.1960797822103,0.8554471153080917
2022-07-29 05:44:37,36.11670944427528,138.2905646673903,1938.6715456647798,0.8597381467764174
2022-07-29 05:45:23,36.11653450857143,138.290492898417,1934.3226331993937,0.4447442974457218
2022-07-29 05:46:10,36.116361422772364,138.29056121672744,1931.709913218394,0.4290781359551563
2022-07-29 05:47:29,36.116303416166105,138.29033177975796,1923.5912538347766,0.2738737230560582
2022-07-29 05:48:24,36.11633264481283,138.29011056721876,1916.5164531385526,0.3668791707974407
2022-07-29 05:49:04,36.11633721606075,138.28988384723328,1912.7866637408733,0.5104536448160748
2022-07-29 05:50:01,36.11636086079331,138.2896603959972,1905.967027633451,0.35592829872605497
2022-07-29 05:50:58,36.11642740200468,138.28944979060824,1901.4786561150104,0.3569802742340523
2022-07-29 05:52:05,36.116449737373074,138.28921328340914,1889.4080133484676,0.3199509966318229
2022-07-29 05:53:10,36.116408320845785,138.28899418322396,1883.5457650693133,0.31160096096003204
2022-07-29 05:54:08,36.11644667928612,138.2887750681936,1879.585145519115,0.3479496928352221
2022-07-29 05:55:16,36.116506743422455,138.28856438124132,1869.9529655408114,0.2956640470487278
2022-07-29 05:55:53,36.116558298565636,138.2883276857923,1868.4016590313986,0.5963346826038908
2022-07-29 05:56:41,36.116613969626435,138.288109880037,1861.001431058161,0.428316830794476
2022-07-29 05:57:21,36.11674595946948,138.28795788406438,1861.9204009454697,0.5010975447208954
2022-07-29 05:58:04,36.11681185474651,138.28774549693767,1859.440460701473,0.4760846735054801
2022-07-29 05:58:39,36.11690306580848,138.28755199379842,1855.2690994087607,0.5756486082374013
2022-07-29 05:59:14,36.117006306252925,138.28735638966856,1851.4221502924338,0.6002419295763638
2022-07-29 06:00:25,36.117111823407626,138.28715958507368,1843.6915731020272,0.29911758873776073
2022-07-29 06:01:08,36.117207065003186,138.28696465507429,1841.2738857185468,0.47641662209546287
2022-07-29 06:01:38,36.11730473662455,138.28677472639023,1838.6423022570089,0.6748189229098764
2022-07-29 06:02:06,36.11738067315363,138.28656701522462,1834.3357410151511,0.7325311283287285
2022-07-29 06:02:30,36.117495130076904,138.2863951868208,1832.5074170101434,0.8339664113675797
2022-07-29 06:02:54,36.117597184883714,138.28619201894284,1833.2089076358825,0.8963676806362649
2022-07-29 06:03:25,36.11771346423382,138.28600400225818,1823.3910617846996,0.6865739036145484
2022-07-29 06:04:27,36.11791052763376,138.28604121029443,1819.5694546597078,0.3567981905611214
2022-07-29 06:04:49,36.11803781663388,138.2858738932186,1817.801684230566,0.9386094240610781
2022-07-29 06:05:21,36.11810645513488,138.28566418329086,1818.7698361855,0.6361972401689215
2022-07-29 06:05:59,36.11809903473876,138.2854419976712,1818.1883952822536,0.5268447658029732
2022-07-29 06:06:32,36.11804309451763,138.28522919376417,1812.8444297770038,0.6102725075368193
2022-07-29 06:07:06,36.11802569735117,138.2850019103226,1807.9149045571685,0.6044996599513098
2022-07-29 06:07:48,36.11806957719854,138.28478089914623,1799.489944386296,0.48772632736040494
2022-07-29 06:08:11,36.118133296788436,138.28456295556177,1798.7848164904863,0.9067946325676679
2022-07-29 06:08:39,36.11826189838149,138.28439289587052,1792.979580993764,0.747471885992175
2022-07-29 06:09:00,36.11834291321802,138.28418731464396,1792.6491099400446,0.9798028649806033
2022-07-29 06:09:25,36.11853215195414,138.28415107846158,1789.0181583613157,0.8500025053729
2022-07-29 06:10:02,36.118714392002474,138.2840852985238,1793.3716225419194,0.5694838674206817
2022-07-29 06:10:38,36.118899989659795,138.28401820485948,1789.881087101996,0.5961580435369359
2022-07-29 06:11:00,36.11905684034895,138.28390254037345,1788.947887295857,0.9218902507442788
2022-07-29 06:11:23,36.11916546212018,138.2837066892993,1785.8295492380857,0.9286041426984318
2022-07-29 06:11:50,36.11924747236722,138.28350503754947,1779.4440335296094,0.7521222637157282
2022-07-29 06:12:08,36.119284642300165,138.2832837168457,1772.043544800952,1.130410860516706
2022-07-29 06:12:25,36.11938389831796,138.2830750288736,1772.3900291901082,1.2810515787334724
2022-07-29 06:12:47,36.119436823242395,138.28285507343756,1768.5857554459944,0.9388414713476863
2022-07-29 06:13:12,36.11952312781456,138.28265183200133,1766.2214478161186,0.8260754011182664
2022-07-29 06:13:32,36.11963982031266,138.28247771688214,1761.9639951074496,1.0165740801937277
2022-07-29 06:13:53,36.119651772414755,138.2822539506057,1759.9585814820603,0.9613657498520249
2022-07-29 06:14:32,36.119733600441855,138.28205093893885,1761.8139195544645,0.5232748783868352
2022-07-29 06:14:59,36.11972730983365,138.28182076497728,1757.410306933336,0.7679137165154745
2022-07-29 06:15:25,36.119726923222494,138.28159749276227,1757.6523235999048,0.7731007369791171
2022-07-29 06:15:47,36.11972424254161,138.28136636970513,1753.4393355734646,0.9458858709587289
2022-07-29 06:16:27,36.119664531480694,138.28115029338304,1755.665126459673,0.513753605502236
2022-07-29 06:20:26,36.119622591552925,138.28092550617143,1748.1151529820636,0.08688358488416037
2022-07-29 06:21:02,36.11958469012783,138.28069562588686,1741.4816423300654,0.5866250924126634
2022-07-29 06:21:26,36.119534303504764,138.28047949422293,1739.0844432096928,0.8435454422051101
2022-07-29 06:21:49,36.11948771069633,138.28025912181906,1737.1881461497396,0.8913968343650427
2022-07-29 06:22:23,36.11948652546668,138.28002583497855,1735.3636104296893,0.6177246412591576
2022-07-29 06:22:43,36.11943965246595,138.2797997324236,1735.671956867911,1.0504708423740832
2022-07-29 06:23:06,36.11937099919879,138.2795934636809,1727.7725672218949,0.8726812232111311
2022-07-29 06:23:37,36.119402984808005,138.27937448647234,1725.7085924595594,0.6461588996597314
2022-07-29 06:23:58,36.119401732543054,138.2791423123135,1724.5911371232942,0.9953589733051477
2022-07-29 06:24:37,36.119411767906385,138.27891326432047,1715.8604103438556,0.5295045764404838
2022-07-29 06:24:57,36.11947505107188,138.27869671566964,1716.2804159484804,1.0360700222871615
2022-07-29 06:25:17,36.119413658336825,138.27846759604333,1715.0331253958866,1.0861427145995963
2022-07-29 06:25:45,36.119357183218526,138.2782452296828,1707.979808128439,0.7491784012182441
2022-07-29 06:26:07,36.11941899647295,138.2780172715497,1707.296902315691,0.9835612137085117
2022-07-29 06:26:26,36.119403601247406,138.27778505575841,1704.6749451169744,1.1039736857773992
2022-07-29 06:26:45,36.11937934475119,138.27756216514834,1702.2787364171818,1.0655794336398565
2022-07-29 06:27:03,36.119286378417314,138.27736607431714,1698.9222446642816,1.1359206510998456
2022-07-29 06:27:21,36.119252972454014,138.27714381305182,1698.1327720005065,1.1305620645060739
2022-07-29 06:27:39,36.11920929974065,138.27691958599368,1693.852241420187,1.1533430021783095
2022-07-29 06:28:00,36.11912308507055,138.27672432843767,1689.486279932782,0.9530062176515234
2022-07-29 06:28:18,36.11902364387754,138.27653061125554,1687.717210656032,1.1465244494903175
2022-07-29 06:28:37,36.1189183564632,138.27634584054965,1684.993323078379,1.0698544868967979
2022-07-29 06:28:59,36.118748314191336,138.27622648827509,1684.4735630424693,0.9869621423002584
2022-07-29 06:29:18,36.11863515600195,138.27604895895942,1685.4183186031878,1.069733916649174
2022-07-29 06:29:38,36.11847060226332,138.27592002913838,1681.3701769551262,1.0818097297556266
2022-07-29 06:30:00,36.11831026809084,138.27580402067284,1681.4857162339613,0.9377243344964458
2022-07-29 06:30:19,36.118239840643504,138.27559536828704,1683.8825020035729,1.0708115473567008
2022-07-29 06:30:37,36.118050713822385,138.27551621652938,1683.6889316001907,1.2312550151127561
2022-07-29 06:30:55,36.117905476242434,138.27536285674995,1681.2342382110655,1.1789646030908645
2022-07-29 06:31:23,36.11773939133672,138.27527069656614,1677.1970983678475,0.7218081610644853
2022-07-29 06:31:42,36.117556953278715,138.27525801216248,1672.335682829842,1.0671435481058744
2022-07-29 06:32:02,36.117383620850646,138.27532870937875,1670.4999613855034,1.0129489541033436
2022-07-29 06:32:30,36.117232242520615,138.2754663031115,1669.235824700445,0.7453895551881354
2022-07-29 06:32:51,36.11716526588789,138.27568774567388,1667.8359911842272,1.013173470121665
2022-07-29 06:33:11,36.11698800770645,138.2756344631311,1663.4188800696284,1.0122651877738487
2022-07-29 06:33:54,36.116866620144044,138.2754700369419,1657.9675410278141,0.4654426424165415
2022-07-29 06:34:14,36.116684721540636,138.27545678448132,1655.9502257434651,1.0109457718746473
2022-07-29 06:34:35,36.116525853885236,138.27534492022596,1652.1800106745213,0.966773260937289
2022-07-29 06:34:54,36.116399964775304,138.27517406652723,1649.1005876911804,1.0935937400402778
2022-07-29 06:35:14,36.1162349767756,138.27505820839036,1649.3537461934611,1.053515631896056
2022-07-29 06:35:30,36.116181000508675,138.27484551712297,1649.0615909583867,1.2539780120638815
2022-07-29 06:35:53,36.11601807536872,138.2747323164936,1640.85989335645,0.902313735012716
2022-07-29 06:36:08,36.11593565788141,138.27453261169967,1638.9454022860155,1.3447905738529138
2022-07-29 06:36:27,36.11589706179431,138.27429871276118,1635.517069477588,1.1310189570344213
2022-07-29 06:36:46,36.115991940036324,138.2741017705375,1631.3014487642795,1.0853126815807308
2022-07-29 06:37:03,36.11610271284823,138.27390950963323,1631.0529467361048,1.2488055424857665
2022-07-29 06:37:23,36.11604381837126,138.2736918265865,1628.8599294973537,1.0329566051414185
2022-07-29 06:37:40,36.116044153115745,138.27346882182556,1626.7461123280227,1.181027483291652
2022-07-29 06:38:05,36.115979270811756,138.27324959455683,1620.1630492005497,0.8403756164346299
2022-07-29 06:38:23,36.11590462020808,138.27303278714734,1618.1496813269332,1.1780192246311876
2022-07-29 06:38:40,36.115957404372935,138.27281667326824,1615.6027182228863,1.1952641950719307
2022-07-29 06:38:56,36.116020974472825,138.27260860523998,1614.1859295684844,1.2510452065378022
2022-07-29 06:39:16,36.116107260327176,138.27240371775412,1612.5237887846306,1.039152126805455
2022-07-29 06:39:33,36.116092087080084,138.27217059697819,1609.0047503523529,1.2385646146036864
2022-07-29 06:40:56,36.11609785967625,138.27193493489267,1607.898845844902,0.2557426803391034
2022-07-29 06:41:14,36.116082162499445,138.27169685798916,1606.2644046815112,1.1947244050146848
2022-07-29 06:41:36,36.11605132810624,138.271476017902,1606.9930007383227,0.9170351194843672
2022-07-29 06:41:53,36.11603315726279,138.27125422797823,1604.5168688539416,1.1805645054266996
2022-07-29 06:42:19,36.116106039344466,138.27105011357332,1599.2433508085087,0.7722096356180151
2022-07-29 06:42:44,36.11602507476742,138.27085029481682,1595.1950523490086,0.8043377454507309
2022-07-29 06:43:08,36.116070995162126,138.27062828744104,1591.0462621739134,0.8594536413425876
2022-07-29 06:43:31,36.11621087948112,138.27048271636068,1588.6628587050363,0.8832509763916577
2022-07-29 06:43:50,36.116342881846215,138.27032042028023,1584.0680091595277,1.0889019555468984
2022-07-29 06:44:03,36.1164624536084,138.27013858905937,1584.296114783734,1.6209183727989702
2022-07-29 06:44:24,36.116535429241964,138.26993249052555,1583.095941525884,0.9640541740695641
2022-07-29 06:44:45,36.116706034574904,138.26983408370072,1577.4423585617915,0.9952945620583145
2022-07-29 06:45:04,36.11677980787967,138.2696218827392,1574.5125244483352,1.0939207489075837
2022-07-29 06:45:56,36.11691170053135,138.2694537036806,1574.84372125566,0.4049615522173356
2022-07-29 06:46:10,36.117002654688974,138.2692465982276,1576.1940116686746,1.5144225619133305
2022-07-29 06:46:25,36.11694934335955,138.2690184628084,1579.297074011527,1.4249336113773379
2022-07-29 06:46:42,36.116836920769885,138.26883662248898,1580.3309509241953,1.210720860822878
2022-07-29 06:46:56,36.11677243316271,138.26862197631675,1577.2261536745355,1.4719266728529934
2022-07-29 06:47:11,36.11675670360323,138.26839791168985,1574.6049998700619,1.3498690034801102
2022-07-29 06:47:26,36.11675869761753,138.2681717890092,1574.6376528721303,1.3572774442664504
2022-07-29 06:47:42,36.11673933645468,138.2679467389856,1574.2592294560745,1.2734354095938976
2022-07-29 06:47:56,36.11672628708271,138.2677204496848,1573.8641510419548,1.4588827124372832
2022-07-29 06:48:14,36.11672925053393,138.26748075666893,1572.0965732401237,1.199012113374837
2022-07-29 06:48:27,36.116785259535064,138.26726230961378,1571.5140516692773,1.586577789719029
2022-07-29 06:48:43,36.11693499312531,138.2671124123455,1573.0578987328336,1.3378053617654533
2022-07-29 06:48:58,36.11706920238322,138.26695785667164,1575.5606085062027,1.3587427518532575
2022-07-29 06:49:10,36.11716711386731,138.26676878203722,1576.1646882109344,1.6828330938877043
2022-07-29 06:49:33,36.117276169433175,138.26657686386872,1570.5816036928445,0.9171500627112694
2022-07-29 06:49:57,36.11725704396536,138.26635513821125,1567.2670118957758,0.8364355489390901
2022-07-29 06:50:15,36.11731853463728,138.26612832610098,1567.1538504017517,1.1960923606598897
2022-07-29 06:50:30,36.11749896988933,138.26610017945023,1563.1891533629969,1.3454022709463742
2022-07-29 06:50:45,36.117667738619836,138.26600540237328,1565.9974979227409,1.3719410130911607
2022-07-29 06:50:59,36.11783536139337,138.2659019197258,1565.1865255283192,1.485890872799423
2022-07-29 06:51:14,36.11800678349941,138.2658119173354,1567.5004660477862,1.3783439910862543
2022-07-29 06:51:26,36.11815106461181,138.2656728701996,1570.5917932856828,1.693564045496288
2022-07-29 06:51:40,36.11825199390441,138.26548499426423,1571.6272608786821,1.4489888670287812
2022-07-29 06:51:53,36.11834158874851,138.26527563261692,1569.6392416935414,1.639208242832988
2022-07-29 06:52:10,36.11849070890237,138.26514683669149,1568.6893883505836,1.188526491865808
2022-07-29 06:52:23,36.11867762323443,138.26517982974536,1571.2180950948969,1.6116812381600751
2022-07-29 06:52:37,36.11885985084294,138.2651186860835,1570.0726182889193,1.496863316637143
2022-07-29 06:52:56,36.119044068885465,138.26512750222133,1569.8184174746275,1.0766557776374486
2022-07-29 06:53:09,36.11923331868252,138.26513402055372,1566.9731993833557,1.6159680439600395
2022-07-29 06:53:27,36.11936593879767,138.26528513385708,1567.5674904407933,1.113373684286815
2022-07-29 06:53:43,36.11949450783117,138.26544430422024,1566.9970243265852,1.2637749910275367
2022-07-29 06:53:59,36.11959905132962,138.26563463677664,1566.6305856108665,1.2932813535463885
2022-07-29 06:54:13,36.119753748903115,138.2657607186539,1562.6583952531219,1.4699244126953506
2022-07-29 06:54:29,36.1198420325191,138.26595755958076,1562.0242563132197,1.2655245184566404
2022-07-29 06:54:44,36.11989982193231,138.26616858519918,1560.7386712273583,1.336734203845144
2022-07-29 06:55:12,36.12000764117647,138.26635838007735,1560.9805402401835,0.7449533990850691
2022-07-29 06:55:20,36.12016928369273,138.26648937007303,1560.5546604180709,2.683187227639693
2022-07-29 06:55:29,36.1203450593614,138.26640940568032,1560.2138219820336,2.31004677225613
2022-07-29 06:55:40,36.12047230245942,138.26625164234974,1556.492133859545,1.8206099511969902
2022-07-29 06:55:52,36.12066108817558,138.26622274795594,1556.4499143678695,1.7590655959534491
2022-07-29 06:56:06,36.120819032899696,138.2663496592135,1554.810414077714,1.494359402546916
2022-07-29 07:01:05,36.120636605004414,138.26633936244195,1552.8233359409496,0.0677713689705361
2022-07-29 07:01:25,36.12057180793021,138.26612572594516,1557.0550253642723,1.0266442335565842
2022-07-29 07:01:37,36.12037795477897,138.26615082349645,1557.6504931021482,1.8023771721057253
2022-07-29 07:01:55,36.12020916816964,138.26632057225467,1558.2037334460765,1.3429091203045638
2022-07-29 07:02:07,36.1201906281401,138.26654310661775,1561.3195035904646,1.6782811799087913
2022-07-29 07:02:23,36.12036269644107,138.26660976462608,1561.8578021051362,1.2508608687940355
2022-07-29 07:02:38,36.12050491555779,138.26676972251906,1560.507069193758,1.4242446644329039
2022-07-29 07:02:53,36.120670615461975,138.26689459524488,1559.2193583948538,1.436714314788443
2022-07-29 07:03:15,36.120784068962834,138.26707787866917,1554.513615229167,0.9433771391325908
2022-07-29 07:03:29,36.12088811643035,138.2672606894478,1556.4930910570547,1.4359608209372754
2022-07-29 07:03:47,36.12106287376995,138.26738378928147,1556.3928267909214,1.2408137013876954
2022-07-29 07:04:00,36.12122038454792,138.26750365376455,1556.458303638734,1.5800328274139408
2022-07-29 07:04:16,36.12137218550348,138.26762971943876,1557.5092131439596,1.2694172185244526
2022-07-29 07:04:32,36.121515358674706,138.26777045873612,1557.6284362180158,1.2700233778795325
2022-07-29 07:04:44,36.12164665548447,138.26793001313095,1557.9763745013624,1.7049218570556823
2022-07-29 07:05:01,36.121780121047756,138.26808602235985,1554.2821552678943,1.2005991613007698
2022-07-29 07:05:15,36.12187285582358,138.26828030026093,1556.601998647675,1.4494503049481846
2022-07-29 07:05:30,36.12194762137803,138.26848692715342,1554.138392741792,1.357844268768594
2022-07-29 07:05:46,36.122107206836866,138.26861409873058,1554.8093617167324,1.3178996569765964
2022-07-29 07:05:58,36.12229050068208,138.26865792831083,1554.3531774450094,1.726476989223564
2022-07-29 07:06:15,36.12247052043259,138.26867914035213,1552.2438070774078,1.1803699867013726
2022-07-29 07:06:26,36.12264637314987,138.26862287898172,1548.453182526864,1.8326783804703204
2022-07-29 07:06:38,36.1227769331533,138.26846036230637,1544.7826455542818,1.7157843162117088
2022-07-29 07:06:54,36.122799539057546,138.2682214148669,1540.823678534478,1.3535432290595433
2022-07-29 07:07:09,36.122778485315926,138.2679794031328,1539.1336646005511,1.4607790721322338
2022-07-29 07:07:25,36.12283411692808,138.26776225760818,1534.8297449452803,1.2812333944347314
2022-07-29 07:07:40,36.12289803422992,138.2675481726975,1530.775605221279,1.369084508514171
2022-07-29 07:07:50,36.12300545148681,138.26736756736284,1530.6529665477574,2.01596762141091
2022-07-29 07:07:59,36.12318986043761,138.2673572007121,1530.625116026029,2.2759471700458165
2022-07-29 07:08:12,36.12335986717285,138.26745874580732,1530.1134794112295,1.6124921728637567
2022-07-29 07:08:24,36.12354668484851,138.26747508906536,1527.7268617153168,1.7318063442647562
2022-07-29 07:08:41,36.12372452070923,138.26752553114127,1524.4541138960049,1.1910963170163986
2022-07-29 07:09:06,36.1238611479638,138.26769215067415,1523.781777171418,0.853061640672022
2022-07-29 07:09:22,36.124009369623266,138.26783949771948,1527.6052675275132,1.3205812931529033
2022-07-29 07:09:38,36.124181220685216,138.2677557136135,1525.9016921957955,1.2816433461753467
2022-07-29 07:09:51,36.12438163291021,138.26772392813055,1525.334803267382,1.724718164363214
2022-07-29 07:10:03,36.12456007887115,138.2676415563911,1522.7384365582839,1.7619623200281476
2022-07-29 07:10:14,36.12474057819283,138.26764062517645,1522.6915039503947,1.8207833794848438
2022-07-29 07:10:25,36.124925934780684,138.26761890068383,1523.297373244539,1.878198176870079
2022-07-29 07:11:38,36.12478588511468,138.2677882069817,1523.3132307687774,0.29817364048837014
2022-07-29 07:13:58,36.124735893506454,138.26728655730253,1518.2914581298828,0.32499036422976674
2022-07-29 07:14:09,36.12487669231174,138.26761647123678,1525.5623033093289,3.050720558531728
2022-07-29 07:14:44,36.12506166892574,138.26766657965308,1526.6626819511876,0.600430698032192
2022-07-29 07:14:53,36.12518115903821,138.26785141615036,1535.0796737670898,2.3639718831645458
2022-07-29 07:15:17,36.124735893506454,138.26728655730253,1522.353874206543,2.954142174278058
2022-07-29 07:16:48,36.12478668340376,138.26750589845037,1521.3657722473145,0.22564763474217492
2022-07-29 07:18:43,36.124735893506454,138.26728655730253,1522.1924209594727,0.1785559544481558
2022-07-29 07:20:16,36.124762020783564,138.2675447682009,1529.3366554351524,0.25187763422557924
2022-07-29 07:20:43,36.124735893506454,138.26728655730253,1519.697566986084,0.8675785178881062
2022-07-29 07:29:58,36.12470780443105,138.26702976643884,1524.6500778980553,0.04202859548469462
2022-07-29 07:44:49,36.124557017021274,138.26717193587885,1524.2688308684155,0.0236421936598192
2022-07-29 07:46:30,36.12469276334842,138.267369124776,1525.432548074983,0.23050154801163406
2022-07-29 07:47:01,36.124735893506454,138.26728655730253,1519.8202590942383,0.28517099812503377
2022-07-29 07:51:39,36.1249178058729,138.26728666631854,1521.0258641885594,0.07260876987497912
2022-07-29 07:52:39,36.12505986993489,138.26743116041047,1520.3284951839596,0.3406233864033298
2022-07-29 07:53:03,36.12494202386887,138.26712182029752,1512.2447133809328,1.2818549067855096
2022-07-29 07:54:28,36.12483330593673,138.2673598084829,1521.0403735358268,0.28925768927798495
2022-07-29 07:57:48,36.124850388628886,138.2670291865619,1522.9880161844194,0.1491166777415451
2022-07-29 07:58:20,36.124925762448704,138.2672335860676,1520.0725937113166,0.6316218863161013
2022-07-29 07:58:23,36.12485084881912,138.26702078058847,1520.8594445372,6.960919850003027
2022-07-29 08:01:38,36.12477994982168,138.26728448973498,1521.963123910129,0.12825154336985276
2022-07-29 08:02:05,36.12482728418129,138.2673269549911,1522.5366395190358,0.2405986434520299
2022-07-29 08:02:48,36.12483867453333,138.2674343538073,1523.4017594112083,0.2267546753481778
2022-07-29 08:03:04,36.1250318574655,138.26721291690362,1522.8066588090733,1.8295111545684617
2022-07-29 08:04:22,36.124735893506454,138.26728655730253,1519.7047500610352,0.4295250930806846
2022-07-29 08:06:22,36.12481454914809,138.26736850525913,1523.6194009808823,0.09523164006011639
